player,wins,win_pct,avg_set_diff,avg_point_diff,matches_played,unique_opponents,avg_opponent_win_pct,cluster,distance_to_centroid,cluster_description
Adam L.,10,0.4166666666666667,-0.041666666666666664,0.75,24,10,0.5186921296296296,0,1.654548055119931,Weaker performance
Beniak P.,3,0.3,-0.7,-5.5,10,6,0.5033333333333333,0,1.2598330844017274,Weaker performance
Bereza V.,4,0.2,-1.05,-3.6,20,13,0.49558963585434174,0,1.6701702734621784,Weaker performance
Bihun R.,9,0.45,-0.6,-2.85,20,5,0.488,0,1.4425177287818427,Weaker performance
Blazek J.,8,0.47058823529411764,-0.7058823529411765,-3.5294117647058822,17,10,0.4442726614399901,0,2.2389996947393875,Weaker performance
Bochkovskyi V.,16,0.36363636363636365,-0.6590909090909091,-3.477272727272727,44,7,0.5019480186593994,0,1.2396512510538635,Weaker performance
Boklah R.,8,0.23529411764705882,-1.2352941176470589,-6.911764705882353,34,9,0.4936974789915966,0,1.7444139161251075,Weaker performance
Bondarenko S.,2,0.13333333333333333,-1.4666666666666666,-5.466666666666667,15,6,0.49431951067800123,0,2.1909365276648756,Weaker performance
Braguta S.,6,0.42857142857142855,-0.5714285714285714,-0.2857142857142857,14,10,0.48363029700426546,0,1.4896791866559465,Weaker performance
Brandtl A.,8,0.34782608695652173,-1.0434782608695652,-5.130434782608695,23,7,0.6539947974730583,0,4.23300830695277,Weaker performance
Bryzhevatyi O.,4,0.36363636363636365,-0.7272727272727273,-2.5454545454545454,11,7,0.5052710166276166,0,0.8366262690143332,Weaker performance
Buberenko A.,11,0.36666666666666664,-0.3,-0.5333333333333333,30,9,0.5053068533612219,0,1.1171405470183233,Weaker performance
Buianover H.,12,0.48,0.08,-1.08,25,7,0.5082666666666666,0,1.6642254537147643,Weaker performance
Butnaru D.,8,0.36363636363636365,-0.6818181818181818,-3.909090909090909,22,9,0.4893318275926971,0,0.741367383631974,Weaker performance
Cermak J.,8,0.5,-0.375,-2.0625,16,12,0.50830095194062,0,1.4987257474582172,Weaker performance
Cherevko R.,20,0.3076923076923077,-1.1076923076923078,-4.753846153846154,65,5,0.5384615384615384,0,2.6102358328487267,Weaker performance
Chornobab V.,11,0.2894736842105263,-1.0263157894736843,-5.2368421052631575,38,6,0.522123083683234,0,1.3926728192140347,Weaker performance
Chulanov O.,6,0.2,-1.2,-7.266666666666667,30,7,0.506225173975033,0,1.8353170309855056,Weaker performance
Cizek M.,4,0.3333333333333333,-0.9166666666666666,-4.083333333333333,12,7,0.47589497920380275,0,1.380456380257003,Weaker performance
Coubal V.,7,0.35,-0.8,-5.75,20,13,0.5408754048489162,0,1.5617846048443913,Weaker performance
Crainiucov G.,6,0.3157894736842105,-0.8421052631578947,-3.736842105263158,19,7,0.5244210478371922,0,0.6880525675266991,Weaker performance
Daragan S.,11,0.3142857142857143,-0.6285714285714286,-2.4571428571428573,35,13,0.49802938124677254,0,1.3939629374535754,Weaker performance
Datsenko A.,12,0.1791044776119403,-1.3582089552238805,-5.91044776119403,67,3,0.6070394297170862,0,4.2278685344290565,Weaker performance
Dodean A.,5,0.35714285714285715,-0.5,-2.5714285714285716,14,7,0.5294317221080161,0,0.8811761023448372,Weaker performance
Drabek M.,6,0.375,-0.375,-1.25,16,8,0.4810466800356506,0,1.3061862912583178,Weaker performance
Dudka A.,3,0.15,-2.05,-10.25,20,7,0.5700000000000001,0,3.6080692419662492,Weaker performance
Evtodiy V.,6,0.375,-0.5,-2.5625,16,7,0.5073378477077152,0,0.7319744211600228,Weaker performance
Fedyna R.,16,0.32,-0.78,-3.52,50,11,0.5071229953278635,0,1.5377314967825395,Weaker performance
Gammer V.,9,0.42857142857142855,-0.42857142857142855,-0.3333333333333333,21,9,0.5081760050402211,0,1.132327826263186,Weaker performance
Gil O.,9,0.45,-0.2,-0.7,20,5,0.488,0,1.7835757422887708,Weaker performance
Gogora M.,6,0.375,-0.75,-3.4375,16,10,0.5338333711433757,0,0.7826863784540095,Weaker performance
Grubr V.,5,0.4166666666666667,-0.6666666666666666,-5.583333333333333,12,5,0.4634837962962963,0,2.032438021575337,Weaker performance
Harea V.,7,0.3181818181818182,-1.1818181818181819,-4.7272727272727275,22,9,0.5576049561960782,0,1.5527722913519892,Weaker performance
Havryliuk B.,11,0.44,-0.44,-1.68,25,12,0.5179242510797423,0,1.222694037753984,Weaker performance
Hel V.,7,0.35,-0.55,-1.5,20,5,0.508,0,1.1759984782067492,Weaker performance
Hordiichuk O.,9,0.45,-0.25,-1.35,20,7,0.5018915482928765,0,1.2634126175951692,Weaker performance
Hostiev M.,7,0.4666666666666667,-0.06666666666666667,-0.7333333333333333,15,6,0.48533333333333334,0,1.8580124598975218,Weaker performance
Hrosov D.,11,0.44,-0.48,-1.88,25,7,0.5077333333333334,0,0.9654782749105663,Weaker performance
Ishchuk V.,4,0.4,-0.2,-2.3,10,7,0.5157965367965368,0,1.1738007580464591,Weaker performance
Ivanco F.,9,0.47368421052631576,-0.3684210526315789,-1.368421052631579,19,10,0.5311151441822948,0,1.299544493393259,Weaker performance
Janco D.,2,0.13333333333333333,-1.4666666666666666,-5.8,15,7,0.5392592592592592,0,2.210396439350783,Weaker performance
Janik A.,7,0.2916666666666667,-0.7083333333333334,-4.541666666666667,24,12,0.5439522237106176,0,1.3423861739813852,Weaker performance
Karpenko O.,7,0.35,-0.75,-2.75,20,14,0.520280165546694,0,1.395682106142235,Weaker performance
Kasianyk N.,11,0.36666666666666664,-0.8333333333333334,-3.8666666666666667,30,8,0.4978980212069123,0,0.6881016062881508,Weaker performance
Khairov D.,5,0.35714285714285715,-0.8571428571428571,-4.928571428571429,14,12,0.5276387974544656,0,1.1673351101175147,Weaker performance
Khomutovskyi Y.,9,0.45,-0.5,-1.15,20,9,0.47800000000000004,0,1.4439672769530372,Weaker performance
Khorolskyi V.,9,0.36,-0.52,-1.28,25,12,0.5255330589295114,0,1.1360340214093192,Weaker performance
Klucar T.,9,0.45,-0.2,-1.3,20,8,0.4811111111111111,0,1.5247816151909688,Weaker performance
Kobets V.,10,0.29411764705882354,-0.8823529411764706,-2.5294117647058822,34,6,0.5175857071020172,0,1.0747027314913757,Weaker performance
Kodola V.,14,0.35,-0.7,-3.025,40,6,0.5179166666666666,0,1.1605218088639153,Weaker performance
Kolesnik Y.,12,0.48,-0.08,-1.6,25,9,0.48257907160476987,0,1.6422567903457197,Weaker performance
Kononikhin V.,1,0.09090909090909091,-1.5454545454545454,-5.545454545454546,11,8,0.5316547445424451,0,2.3868894586359484,Weaker performance
Kovalenko I.,6,0.4,-0.8,-4.066666666666666,15,9,0.4963703703703704,0,0.774041047736757,Weaker performance
Kovik I.,4,0.26666666666666666,-1.4666666666666666,-6.666666666666667,15,6,0.5010366343085516,0,1.8412704354409821,Weaker performance
Kovpak E.,14,0.4,-0.6,-2.914285714285714,35,13,0.5449607632526695,0,1.6191696198531038,Weaker performance
Kravets Y.,18,0.3673469387755102,-0.42857142857142855,-2.122448979591837,49,10,0.5031133038072099,0,1.5134228996840275,Weaker performance
Krupii O.,9,0.45,-0.15,-0.05,20,7,0.51,0,1.5217815987814305,Weaker performance
Kubovsky M.,4,0.4,-0.2,-2.3,10,10,0.485,0,1.3959625122272903,Weaker performance
Kucheryavyi V.,8,0.4,-0.3,-1.75,20,12,0.5496774193548387,0,1.591811864037178,Weaker performance
Kunchurov D.,10,0.47619047619047616,-0.19047619047619047,-0.8095238095238095,21,9,0.4720672766714341,0,1.8289875050071593,Weaker performance
Kurtenko A.,3,0.3,-1.1,-5.9,10,10,0.5324577572964669,0,1.37177226461571,Weaker performance
Kyi Y.,14,0.4666666666666667,-0.06666666666666667,-1.2666666666666666,30,6,0.5662605042016807,0,2.225654703059396,Weaker performance
Luder J.,8,0.2962962962962963,-0.7037037037037037,-4.074074074074074,27,18,0.5429705027608357,0,2.6065342077032074,Weaker performance
Lukianevych V.,8,0.32,-0.64,-2.64,25,7,0.5402666666666667,0,0.9748701420118628,Weaker performance
Lulovic M.,5,0.5,-0.1,-2.0,10,9,0.5245740225125533,0,1.5745423036616446,Weaker performance
Lutskyi V.,10,0.4,-0.6,-2.2,25,8,0.5146867798867799,0,0.5588001309104025,Weaker performance
Melisek M.,4,0.3333333333333333,-0.25,-0.4166666666666667,12,8,0.4665941697191697,0,1.8539029622456922,Weaker performance
Merzlikin V.,13,0.43333333333333335,-0.3,-0.6,30,8,0.516291280148423,0,1.2321240496445922,Weaker performance
Mihalachi I.,4,0.2857142857142857,-1.0714285714285714,-4.857142857142857,14,8,0.5271586656731204,0,1.0457593237836789,Weaker performance
Moshovkyi V.,7,0.4666666666666667,0.0,-0.06666666666666667,15,8,0.5046825396825397,0,1.6958474166197413,Weaker performance
Mukhin V.,5,0.3333333333333333,-0.3333333333333333,-0.3333333333333333,15,9,0.5412642612223156,0,1.3870888372706904,Weaker performance
Mutu V.,13,0.38235294117647056,-0.7352941176470589,-3.411764705882353,34,12,0.4991913152729122,0,1.1251520115155722,Weaker performance
Mykytuk D.,1,0.07142857142857142,-2.0,-9.071428571428571,14,7,0.46907879332104196,0,3.4943448572567126,Weaker performance
Nakliutskyi A.,11,0.36666666666666664,-0.6333333333333333,-3.8,30,9,0.4959795409286914,0,0.6715740514157824,Weaker performance
Nazar B.,11,0.275,-1.15,-4.825,40,7,0.5379288223853441,0,1.552779124281955,Weaker performance
Novak R.,5,0.3125,-1.0625,-5.375,16,8,0.4839420492142266,0,1.2794057214610606,Weaker performance
Nyzhnyk R.,7,0.1794871794871795,-1.564102564102564,-8.435897435897436,39,10,0.5454445554445554,0,2.63526779813995,Weaker performance
Osadchiy O.,5,0.2,-1.08,-5.72,25,14,0.5458990217479182,0,2.1520268382732075,Weaker performance
Pallya M.,7,0.4666666666666667,-0.2,0.8,15,8,0.5085185185185185,0,1.7050677470389703,Weaker performance
Panchenko B.,11,0.3793103448275862,-0.3793103448275862,-2.689655172413793,29,13,0.4975286158540088,0,1.350412982999024,Weaker performance
Paniivan H.,10,0.29411764705882354,-0.6470588235294118,-3.1470588235294117,34,10,0.5270277866738139,0,0.8600088112071987,Weaker performance
Papirnik O.,9,0.32142857142857145,-0.8214285714285714,-2.1785714285714284,28,16,0.541412829499616,0,2.1199313684047594,Weaker performance
Pavelka J.,3,0.2,-1.1333333333333333,-3.4,15,8,0.4708146930358056,0,1.785829688588056,Weaker performance
Pavliuk V.,4,0.4,-0.3,-2.9,10,10,0.5563556067588326,0,1.6065697823180047,Weaker performance
Peltek V.,9,0.36,-0.52,-0.84,25,10,0.4985142857142857,0,0.9658968079023775,Weaker performance
Pfleger M.,11,0.34375,-0.90625,-4.5625,32,15,0.5172181947572573,0,1.7629720965997382,Weaker performance
Populovskyi E.,9,0.45,-0.3,-1.9,20,11,0.4793726835561811,0,1.528846575808705,Weaker performance
Porhajas P.,5,0.3333333333333333,-0.8,-5.6,15,8,0.5396296296296297,0,1.139245381685493,Weaker performance
Pospisil A.,5,0.4166666666666667,-0.4166666666666667,-3.5,12,8,0.4862536995930448,0,1.165907836419998,Weaker performance
Priadko Y.,1,0.1,-2.0,-11.2,10,6,0.5086688008536748,0,3.605540709714906,Weaker performance
Puk J.,7,0.3684210526315789,-0.6842105263157895,-2.4210526315789473,19,13,0.4934799959677459,0,1.2958920354565577,Weaker performance
Rejent S.,14,0.3888888888888889,-0.4166666666666667,-2.25,36,9,0.5284182227796358,0,1.0010798965581387,Weaker performance
Remunda S.,8,0.4,-0.45,-2.6,20,13,0.5293554075595411,0,1.3199838390414764,Weaker performance
Reva V.,1,0.05,-2.0,-8.55,20,11,0.5129206349206349,0,3.237784327806739,Weaker performance
Romanenko V.,1,0.1,-1.6,-8.5,10,6,0.4638672135520875,0,3.17340963829556,Weaker performance
Rotaru I.,7,0.3684210526315789,-0.8421052631578947,-4.894736842105263,19,8,0.4681000747482742,0,1.4656192566174997,Weaker performance
Sanchez J.,5,0.35714285714285715,-0.5,-4.071428571428571,14,9,0.6064039408866995,0,2.799343825061749,Weaker performance
Scherbak A.,3,0.125,-1.875,-10.916666666666666,24,9,0.5360408303370489,0,3.299363796194137,Weaker performance
Semipeadnii V.,9,0.2903225806451613,-0.9354838709677419,-2.903225806451613,31,8,0.5233990460403108,0,0.7766363257595922,Weaker performance
Senyk M.,10,0.5,-0.15,-0.95,20,7,0.5,0,1.6064800311350231,Weaker performance
Shpak A.,17,0.425,-0.075,-0.275,40,6,0.5029166666666667,0,1.825845661685714,Weaker performance
Shyndel I.,11,0.4583333333333333,-0.2916666666666667,-3.9166666666666665,24,8,0.4406019982376115,0,2.3617996002444297,Weaker performance
Shyshkin M.,13,0.325,-0.975,-6.075,40,11,0.5402261904761905,0,1.6160853419272168,Weaker performance
Silva L.,5,0.5,0.0,-0.6,10,7,0.5580952380952381,0,2.259823187852789,Weaker performance
Sivovol S.,5,0.38461538461538464,-0.3076923076923077,-1.1538461538461537,13,6,0.4843450900465154,0,1.5224190970269296,Weaker performance
Skhabitskiy S.,9,0.36,-0.72,-4.4,25,15,0.4867593713347408,0,1.838621451550865,Weaker performance
Smyrnov M.,10,0.3448275862068966,-0.6551724137931034,-1.1379310344827587,29,7,0.48211201708581675,0,1.2702720094445967,Weaker performance
Sofroni D.,5,0.3333333333333333,-0.8666666666666667,-3.6666666666666665,15,9,0.5530636522946902,0,1.265028305112499,Weaker performance
Sokur M.,9,0.45,-0.8,-5.35,20,13,0.49699503104327025,0,1.5248675553760946,Weaker performance
Sotnikov E.,10,0.4,-0.16,-1.28,25,7,0.5157333333333334,0,1.1594026094042011,Weaker performance
Stejskal T.,3,0.25,-0.6666666666666666,-0.5,12,7,0.5086930307305573,0,1.3073670330219722,Weaker performance
Stracar P.,8,0.4,-0.5,-1.8,20,12,0.46217391304347827,0,1.846343209400241,Weaker performance
Svoboda V.,4,0.3333333333333333,-0.8333333333333334,-3.75,12,8,0.44017094017094016,0,2.25011495955806,Weaker performance
Sydorenko A.,5,0.3333333333333333,-0.3333333333333333,-0.2,15,5,0.502,0,1.558807493429856,Weaker performance
Sydorenko V.,14,0.3111111111111111,-0.8444444444444444,-3.6444444444444444,45,14,0.5368712522045855,0,1.9361410934875785,Weaker performance
Sykora J.,6,0.5,0.08333333333333333,0.6666666666666666,12,6,0.5526041666666667,0,2.435055686999189,Weaker performance
Syniavskyi I.,7,0.23333333333333334,-1.0666666666666667,-6.066666666666666,30,6,0.5244444444444444,0,1.5392146024948907,Weaker performance
Syvych V.,6,0.4,-0.4,-1.5333333333333334,15,6,0.4942222222222223,0,1.2673207318929722,Weaker performance
Taranko M.,5,0.3125,-1.0,-3.625,16,10,0.5438023961461461,0,1.1290477055635182,Weaker performance
Tatarnykov V.,5,0.2777777777777778,-0.7777777777777778,-5.111111111111111,18,11,0.4832296512365095,0,1.310272630230407,Weaker performance
Todiras I.,3,0.3,-1.3,-6.4,10,7,0.5261002237851662,0,1.5840435687214487,Weaker performance
Tokar M.,6,0.4,-0.13333333333333333,-0.8666666666666667,15,11,0.5248361533518955,0,1.3884763888966563,Weaker performance
Tolstykh R.,7,0.4666666666666667,-0.2,-1.0,15,10,0.499037037037037,0,1.4391393412835791,Weaker performance
Torhachov I.,10,0.3333333333333333,-1.0666666666666667,-3.566666666666667,30,10,0.4769195152808598,0,1.3022832446551766,Weaker performance
Tur A.,30,0.45454545454545453,-0.25757575757575757,-2.257575757575758,66,3,0.5167345092718226,0,2.8677326488286674,Weaker performance
Tutura M.,4,0.4,-1.0,-4.9,10,6,0.4935714285714286,0,1.3547621746203218,Weaker performance
Uzun I.,8,0.4444444444444444,-0.3888888888888889,-1.3888888888888888,18,9,0.5208003711485832,0,1.0299401531358519,Weaker performance
Valchuk I.,3,0.12,-1.76,-8.8,25,11,0.5209406767539195,0,2.808197127882803,Weaker performance
Veis M.,8,0.5333333333333333,0.06666666666666667,-0.13333333333333333,15,9,0.540952380952381,0,2.1246646863406893,Weaker performance
Vietrov V.,9,0.45,-0.35,-2.05,20,8,0.5266209641751438,0,1.0396262198941968,Weaker performance
Voronenkov V.,4,0.4,-0.1,-1.3,10,6,0.5493367346938776,0,1.8201532721212952,Weaker performance
Yamchuk V.,0,0.0,-2.6666666666666665,-11.333333333333334,18,10,0.5186961642333544,0,4.439098422242526,Weaker performance
Yurenev O.,8,0.4,-0.35,-1.7,20,10,0.5093641456582633,0,0.8606833885947296,Weaker performance
Yushko R.,12,0.36363636363636365,-0.6363636363636364,-2.8181818181818183,33,9,0.49516338667599175,0,0.7811614469125785,Weaker performance
Zeman L.,6,0.375,-0.5625,-1.375,16,7,0.55546875,0,1.5111732591630858,Weaker performance
Zholubak R.,19,0.3877551020408163,-0.3877551020408163,-1.7142857142857142,49,7,0.5065374475148912,0,1.6034623359183005,Weaker performance
Zlamala M.,2,0.2,-1.6,-7.4,10,8,0.5538541163591874,0,2.472216515615212,Weaker performance
Zotov Y.,12,0.4444444444444444,-0.2962962962962963,-1.037037037037037,27,11,0.5143368247465104,0,1.2678302261129684,Weaker performance
Adyntsev M.,6,0.6,0.5,1.7,10,5,0.49399999999999994,1,1.4200935510076231,Stronger performance
Andrievskiy V.,10,0.5,-0.05,-1.35,20,9,0.46799999999999997,1,1.9018291900712683,Stronger performance
Baday M.,52,0.7428571428571429,1.1857142857142857,4.3428571428571425,70,9,0.5266734460499652,1,2.9973573168676007,Stronger performance
Bahrii O.,16,0.64,0.72,2.84,25,10,0.46,1,0.6274617672729064,Stronger performance
Baranov M.,7,0.7,1.2,4.5,10,5,0.5011557853910795,1,1.760481477074195,Stronger performance
Bohach S.,15,0.6,0.16,0.96,25,7,0.4842666666666667,1,1.095438070009365,Stronger performance
Boiko V.,13,0.6842105263157895,0.631578947368421,3.1578947368421053,19,7,0.5307329435960513,1,1.6714117701166251,Stronger performance
Borysiuk O.,6,0.6,0.3,0.3,10,7,0.5060284477427335,1,1.5225090562124681,Stronger performance
Bosak D.,9,0.9,2.0,10.1,10,7,0.4411111111111111,1,3.7073756603404298,Stronger performance
Bouska M.,11,1.0,2.272727272727273,9.818181818181818,11,4,0.42616803486368704,1,4.533169133835265,Stronger performance
Budnikov A.,10,0.5,0.0,-0.15,20,5,0.48665948529099257,1,1.9351543030291845,Stronger performance
Bulat P.,13,0.9285714285714286,1.8571428571428572,9.642857142857142,14,10,0.5501450823598837,1,3.9836218738212272,Stronger performance
Butko V.,11,0.55,0.15,0.6,20,6,0.4786666666666667,1,1.4072425109630728,Stronger performance
Capusta A.,10,0.8333333333333334,1.4166666666666667,5.166666666666667,12,8,0.5582405657330639,1,3.070478538434198,Stronger performance
Chalupa J.,21,0.65625,0.6875,3.21875,32,13,0.45504139957264955,1,1.3405176137212806,Stronger performance
Chulanov V.,7,0.4666666666666667,0.06666666666666667,0.2,15,8,0.4692567432567432,1,1.7294595274894837,Stronger performance
Chuliukov S.,8,0.5333333333333333,0.26666666666666666,-0.2,15,8,0.47473015261250556,1,1.3862875027602348,Stronger performance
Chumak M.,12,0.6,0.75,2.95,20,9,0.44800000000000006,1,0.9665158548489082,Stronger performance
Chumak V.,16,0.64,0.48,2.08,25,11,0.4904,1,0.7143968594719449,Stronger performance
Cuba M.,16,0.6153846153846154,0.5,1.8076923076923077,26,16,0.39460826495464707,1,3.1099045855393785,Stronger performance
Cucerovschii S.,12,0.6,0.1,-0.25,20,7,0.4319923336783802,1,1.9461583893747472,Stronger performance
Culak J.,14,0.7,0.9,3.85,20,8,0.4477777777777778,1,1.1621907160256895,Stronger performance
Danilov I.,10,0.7142857142857143,0.6428571428571429,2.142857142857143,14,8,0.5967526969401246,1,3.5683454945054947,Stronger performance
Danilov O.,9,0.6,0.26666666666666666,0.7333333333333333,15,11,0.5088463129700069,1,1.4207658783380777,Stronger performance
Dekhtiarenko A.,10,0.5,-0.15,-0.25,20,11,0.46937268355618106,1,1.8500269125326496,Stronger performance
Doubek K.,13,0.65,0.4,3.35,20,9,0.4828220335321062,1,0.43096238621181915,Stronger performance
Drobov D.,13,0.65,0.85,4.05,20,7,0.4946120251928522,1,0.8656620993866551,Stronger performance
Dubrovin V.,28,0.6829268292682927,0.7317073170731707,2.5853658536585367,41,9,0.5301149941004232,1,1.7976801703389453,Stronger performance
Dubyna I.,15,0.75,1.6,7.05,20,7,0.45,1,2.2618303097764376,Stronger performance
Dukhovenko O.,39,0.65,0.85,3.1666666666666665,60,7,0.5349615665664259,1,2.5725386210806036,Stronger performance
Dyrl V.,15,0.625,0.4166666666666667,1.0833333333333333,24,5,0.4059831593927894,1,2.4752339167692896,Stronger performance
Evstratii V.,9,0.47368421052631576,-0.05263157894736842,0.21052631578947367,19,10,0.46858761972009483,1,1.7505125984343017,Stronger performance
Fafek J.,15,0.625,0.5,1.6666666666666667,24,10,0.55078125,1,2.1814581799885158,Stronger performance
Fiser P.,10,0.625,0.5625,1.5625,16,8,0.44474178913157575,1,1.185748401614199,Stronger performance
Grinenko K.,22,0.5945945945945946,0.4594594594594595,2.135135135135135,37,13,0.4670096402134218,1,1.3719084984029084,Stronger performance
Gudimenko E.,23,0.6571428571428571,0.6285714285714286,3.0285714285714285,35,10,0.45122060252672497,1,1.046646725674317,Stronger performance
Hajek M.,11,0.55,0.55,4.15,20,14,0.5063027713794762,1,1.6927957836823804,Stronger performance
Hofmann M.,8,0.6666666666666666,0.6666666666666666,-0.25,12,7,0.5066550925925926,1,1.5055326467144898,Stronger performance
Horchakov V.,23,0.6571428571428571,0.45714285714285713,1.1714285714285715,35,12,0.5080377566063996,1,1.4400032200799322,Stronger performance
Hot S.,23,0.575,0.45,2.225,40,11,0.4902261904761905,1,1.175117129445722,Stronger performance
Hovorunets S.,41,0.6833333333333333,0.9666666666666667,5.266666666666667,60,10,0.477991718426501,1,2.0914302781445575,Stronger performance
Hrstka T.,7,0.5833333333333334,0.16666666666666666,-1.4166666666666667,12,8,0.5167238421955404,1,1.9909121932760656,Stronger performance
Hruska J.,5,0.4166666666666667,0.0,0.75,12,8,0.4774305555555555,1,1.9692790814223298,Stronger performance
Hudyma O.,7,0.4666666666666667,-0.26666666666666666,-0.2,15,7,0.4369653092006034,1,2.4242989191343978,Stronger performance
Ion B.,10,0.5263157894736842,0.0,1.105263157894737,19,8,0.42654882821087803,1,2.0442480123689286,Stronger performance
Ivanov V.,12,0.6,0.15,1.9,20,8,0.4622636054421768,1,0.9927384152433448,Stronger performance
Ivchuk O.,12,0.6,0.45,0.7,20,9,0.49639695632552777,1,0.9398107707754206,Stronger performance
Kalianov V.,6,0.6,0.5,1.5,10,6,0.5093367346938775,1,1.4801298619820977,Stronger performance
Karas D.,8,0.5333333333333333,0.26666666666666666,2.6,15,10,0.5135960591133004,1,1.439074665715292,Stronger performance
Karchevsky T.,11,0.7333333333333333,1.2,5.333333333333333,15,8,0.4826038670819645,1,1.3782135007179954,Stronger performance
Karpisek O.,12,0.75,0.8125,2.5625,16,10,0.48329586443553246,1,0.9546198377777861,Stronger performance
Khoroshun O.,14,0.56,0.04,0.6,25,7,0.48373333333333335,1,1.3441781494352196,Stronger performance
Khurtak E.,14,0.56,0.24,0.44,25,7,0.4922666666666667,1,1.2646009498154824,Stronger performance
Kolbasenko O.,20,0.5714285714285714,0.2857142857142857,2.4857142857142858,35,10,0.4993635480166092,1,1.1150042052048035,Stronger performance
Kolivay O.,8,0.5333333333333333,0.3333333333333333,-0.26666666666666666,15,10,0.49890569561157794,1,1.482412356560234,Stronger performance
Kolomiiets V.,8,0.8,1.0,3.7,10,6,0.4374102974523143,1,2.0395697976744267,Stronger performance
Konkulovskyi R.,35,0.7142857142857143,0.8979591836734694,3.5510204081632653,49,13,0.44817088507913566,1,2.0162449544902072,Stronger performance
Kostyv M.,10,1.0,2.5,9.4,10,5,0.44535198135198134,1,4.441399241372815,Stronger performance
Kovalev Y.,11,0.7333333333333333,0.9333333333333333,5.8,15,10,0.51,1,1.5704219327517202,Stronger performance
Krajc R.,11,0.6875,1.0625,6.75,16,10,0.4422937449833735,1,1.7841305210874256,Stronger performance
Kravnytskyi M.,10,0.5,0.15,-0.05,20,5,0.47800000000000004,1,1.8121551699224558,Stronger performance
Kulynych M.,10,0.6666666666666666,0.8666666666666667,4.466666666666667,15,8,0.5263847585586716,1,1.6107224495216799,Stronger performance
Kuprykov S.,35,0.7,1.02,6.04,50,7,0.4736643990929705,1,1.8755623493204954,Stronger performance
Lavrynenko P.,11,0.7333333333333333,0.8,3.933333333333333,15,7,0.46742296918767506,1,1.0803388880555678,Stronger performance
Leonov V.,6,0.6,0.2,2.8,10,7,0.45731746031746034,1,1.2656471309458157,Stronger performance
Leshchanka D.,9,0.45,0.15,1.55,20,10,0.5141500302480339,1,1.8494986826897104,Stronger performance
Liska T.,15,0.5555555555555556,0.14814814814814814,1.7777777777777777,27,9,0.5066750278706801,1,1.2725060435737234,Stronger performance
Lobanov A.,7,0.7,0.7,0.9,10,8,0.452389298673629,1,1.3123430959085494,Stronger performance
Loboda M.,24,0.6,0.325,1.975,40,6,0.46791666666666665,1,1.3378245363030798,Stronger performance
Machan R.,8,0.5714285714285714,0.5,1.7857142857142858,14,12,0.5185266816950616,1,1.5980904644202147,Stronger performance
Malecek O.,29,0.725,0.825,2.975,40,14,0.484644801051051,1,1.7005815722146342,Stronger performance
Martyniuk A.,9,0.6,0.5333333333333333,2.8,15,9,0.5132701080432173,1,1.1389763431526376,Stronger performance
Melashenko O.,28,0.6222222222222222,0.5333333333333333,2.3777777777777778,45,9,0.4549930617983839,1,1.3267080300081087,Stronger performance
Melnik V.,40,0.6153846153846154,0.676923076923077,3.8153846153846156,65,5,0.47692307692307695,1,2.388546890243139,Stronger performance
Melnykov V.,15,0.75,1.1,4.7,20,11,0.4774596774193548,1,1.2800990762628845,Stronger performance
Mikhailovskiy Y.,19,0.6333333333333333,0.3333333333333333,3.3333333333333335,30,10,0.46879365079365076,1,0.6847141955432094,Stronger performance
Mikus D.,9,0.6428571428571429,0.5,4.428571428571429,14,10,0.4578589956722319,1,0.9562248389324904,Stronger performance
Minenko A.,15,0.625,0.625,4.291666666666667,24,10,0.47659850230414746,1,0.4895860041493727,Stronger performance
Motrunych I.,13,0.65,0.6,2.7,20,8,0.4614472194472195,1,0.6168474084279352,Stronger performance
Moulis P.,12,0.75,1.0,5.9375,16,8,0.3361055107526882,1,4.423793408610804,Stronger performance
Mul S.,24,0.8888888888888888,1.8518518518518519,9.37037037037037,27,9,0.5358460271207546,1,3.5589417803895693,Stronger performance
Mykhailovsky K.,31,0.775,1.225,4.3,40,13,0.45904761904761904,1,1.9830669126743101,Stronger performance
Ni I.,15,0.6521739130434783,1.0869565217391304,6.3478260869565215,23,9,0.5656558441667497,1,2.836766138374499,Stronger performance
Nikolenko A.,23,0.6571428571428571,0.7142857142857143,2.914285714285714,35,10,0.5119554013963952,1,1.186381308525692,Stronger performance
Nizioc I.,16,0.5161290322580645,0.06451612903225806,0.8387096774193549,31,8,0.46926605634293705,1,1.425132006339168,Stronger performance
Novikov V.,13,0.65,0.95,5.25,20,17,0.4561738609793194,1,2.3532757090435807,Stronger performance
Panteleev S.,16,0.5161290322580645,0.06451612903225806,-0.06451612903225806,31,7,0.47050835364785293,1,1.6247011296067415,Stronger performance
Parnyvoda I.,6,0.6,0.6,3.8,10,6,0.5347863777089783,1,1.9866963063314396,Stronger performance
Pavlyuk R.,7,0.7,1.5,6.1,10,7,0.49822222222222223,1,1.9346440668492768,Stronger performance
Plakhtyi B.,14,0.7,0.9,5.9,20,7,0.45999999999999996,1,1.323330025927427,Stronger performance
Plamadeala D.,22,0.7096774193548387,0.8387096774193549,3.4193548387096775,31,11,0.4574505477018605,1,1.0837372935637344,Stronger performance
Polak S.,6,0.6,0.4,3.8,10,7,0.43434782608695655,1,1.6425983014830465,Stronger performance
Portnov H.,6,0.6,0.3,-0.9,10,7,0.4627460317460318,1,1.6120626584828148,Stronger performance
Potapov M.,23,0.575,0.275,1.85,40,6,0.4729166666666667,1,1.3855946549235154,Stronger performance
Priadko S.,15,0.625,0.625,1.625,24,10,0.44545735297486,1,1.0904789272320778,Stronger performance
Prokopenko D.,8,0.5333333333333333,0.4,1.8666666666666667,15,10,0.4691914098972923,1,1.0107918152409237,Stronger performance
Prus S.,14,0.4827586206896552,0.1724137931034483,1.2413793103448276,29,8,0.49588631669943956,1,1.4772167609063884,Stronger performance
Pupik M.,12,0.6,1.0,4.1,20,11,0.5142906242956953,1,1.3601897398346101,Stronger performance
Rakov V.,6,0.6,0.6,6.0,10,8,0.5023809523809524,1,1.389124351422001,Stronger performance
Remen M.,16,0.6666666666666666,0.5416666666666666,1.7916666666666667,24,14,0.48821364954531926,1,1.4002671738111787,Stronger performance
Rotari A.,16,0.5925925925925926,0.6296296296296297,3.111111111111111,27,12,0.45663031885520516,1,1.0723074412948628,Stronger performance
Rulc L.,8,0.6666666666666666,1.1666666666666667,4.083333333333333,12,6,0.4867210960960961,1,1.3336997595620341,Stronger performance
Sapuzhak O.,9,0.6,0.4,2.2666666666666666,15,8,0.5069047619047619,1,1.0756578149728442,Stronger performance
Schmidtmayer F.,8,0.5333333333333333,0.4666666666666667,3.4,15,10,0.5019352780101998,1,1.1257086366874716,Stronger performance
Semenets S.,19,0.6333333333333333,0.5,2.9,30,13,0.47376472094214034,1,1.1211044909414938,Stronger performance
Skorobahatyi Y.,12,0.631578947368421,0.631578947368421,4.421052631578948,19,10,0.5133480760725343,1,1.1631763970181794,Stronger performance
Skoryk O.,18,0.72,0.96,4.8,25,9,0.4547095309868419,1,1.1721196396148008,Stronger performance
Slozka V.,48,0.6956521739130435,0.9130434782608695,5.36231884057971,69,12,0.47331607144169013,1,2.6263688771466467,Stronger performance
Sokolovskyi S.,19,0.95,2.25,11.3,20,6,0.4435593936139049,1,4.251859465092556,Stronger performance
Stacho L.,10,0.5,-0.1,1.15,20,12,0.4798653676189054,1,1.7017825987889341,Stronger performance
Stanciu D.,16,0.64,0.72,2.32,25,9,0.49305242966751917,1,0.48537092926755077,Stronger performance
Stoces L.,9,0.5625,0.3125,0.3125,16,9,0.4670770578399255,1,1.1598436586947842,Stronger performance
Takac J.,10,0.6666666666666666,0.7333333333333333,4.2,15,10,0.4662944718117132,1,0.769754498772055,Stronger performance
Timpu S.,8,0.5714285714285714,0.2857142857142857,1.7857142857142858,14,9,0.4745547341743715,1,0.8981598976059362,Stronger performance
Troian A.,8,0.5333333333333333,-0.06666666666666667,0.9333333333333333,15,11,0.5153405017921148,1,1.8663199136897375,Stronger performance
Tsoi K.,9,0.45,-0.1,0.55,20,10,0.48000591049817054,1,1.8209479956656738,Stronger performance
Tymchenko V.,14,0.56,0.36,-0.96,25,11,0.42784761904761903,1,2.0776434284049854,Stronger performance
Udovenko I.,18,0.72,0.8,3.28,25,17,0.4843969852187699,1,2.1905614548508994,Stronger performance
Ullman M.,9,0.45,-0.2,1.2,20,7,0.4771402359717577,1,1.9026096018731573,Stronger performance
Ungurean M.,14,0.5185185185185185,-0.037037037037037035,-0.5185185185185185,27,8,0.44286336041774904,1,1.9687890598920357,Stronger performance
Uzun N.,23,0.8518518518518519,1.4444444444444444,7.296296296296297,27,7,0.45406175200075755,1,2.4684212769611413,Stronger performance
Valuch Jr. R.,20,0.6896551724137931,0.8620689655172413,4.172413793103448,29,15,0.4921463140610146,1,1.7519593215512848,Stronger performance
Varga K.,6,0.6,0.9,3.2,10,7,0.46217391304347827,1,1.0938409289309408,Stronger performance
Vasylyshyn I.,19,0.6551724137931034,0.896551724137931,5.724137931034483,29,15,0.5026855569814133,1,1.9727226194714307,Stronger performance
Vedernicov A.,9,0.6428571428571429,0.9285714285714286,3.642857142857143,14,8,0.43940734188412206,1,1.3685396507135748,Stronger performance
Vesely F.,16,0.6666666666666666,1.0833333333333333,4.916666666666667,24,15,0.48325252335669,1,1.8134239628132902,Stronger performance
Veternik J.,9,0.6428571428571429,0.5714285714285714,2.5,14,12,0.5104537017205683,1,1.3182071834560614,Stronger performance
Veternik P.,10,0.6666666666666666,0.7333333333333333,1.8666666666666667,15,10,0.4846329029696169,1,0.6702484847384624,Stronger performance
Vilenchyts N.,5,0.5,0.2,0.2,10,5,0.5023692022263451,1,1.9945037639514744,Stronger performance
Virlan A.,10,0.45454545454545453,0.13636363636363635,2.227272727272727,22,7,0.4753069927488532,1,1.5357652795455918,Stronger performance
Vitek M.,16,0.5925925925925926,0.5555555555555556,1.6296296296296295,27,16,0.4671296773383636,1,1.934129926281221,Stronger performance
Vivatenko M.,7,0.7,1.3,6.1,10,6,0.4574472194472195,1,1.8744658787063078,Stronger performance
Voloshko V.,10,0.5,0.1,0.4,20,7,0.4993333333333333,1,1.643389762384801,Stronger performance
Vons V.,18,0.72,0.72,4.08,25,8,0.4315248751248751,1,1.5743393978685647,Stronger performance
Yakubov M.,13,0.52,0.08,0.64,25,11,0.47421899668958495,1,1.4223375772334028,Stronger performance
Yaremenko R.,35,0.7,0.82,4.7,50,14,0.461384126984127,1,2.0842721027063016,Stronger performance
Zaporojan V.,10,0.6666666666666666,0.7333333333333333,2.6,15,8,0.48867395871392033,1,0.6467817712697448,Stronger performance
Zdrenyk A.,7,0.7,0.7,1.3,10,5,0.51,1,1.6957171716031203,Stronger performance
Zelman D.,9,0.6,0.6,0.4666666666666667,15,11,0.4281159420289855,1,1.813323417771353,Stronger performance
Zemiantsev S.,38,0.5846153846153846,0.4153846153846154,2.2,65,5,0.4830769230769231,1,2.4280280551831104,Stronger performance
Zhurba A.,57,0.8636363636363636,1.8636363636363635,9.166666666666666,66,3,0.3803708729081864,1,4.967972045787028,Stronger performance
Ziakun V.,31,0.6326530612244898,0.5102040816326531,3.142857142857143,49,12,0.4274433871672767,1,2.1518488537232976,Stronger performance
Zimcik L.,10,0.625,0.875,2.8125,16,9,0.5198939360713577,1,1.3184293439413777,Stronger performance
Abraham P.,14,0.4375,-0.1875,-1.5625,32,19,0.49970606748571156,2,1.9477166653435911,High-activity balanced
Aristarkhov S.,21,0.42,-0.44,-1.94,50,18,0.501459518063596,2,1.663646919307706,High-activity balanced
Arzanov D.,33,0.6,0.4909090909090909,3.6,55,15,0.4686242152024735,2,1.8344940002881536,High-activity balanced
Babenko P.,37,0.5873015873015873,0.3492063492063492,2.2222222222222223,63,7,0.5480562793679344,2,2.3910745012402295,High-activity balanced
Balakiriev M.,37,0.5,0.1891891891891892,0.972972972972973,74,12,0.49541544315587693,2,1.3174729671470589,High-activity balanced
Bambutsa R.,24,0.4528301886792453,-0.2641509433962264,-2.2830188679245285,53,11,0.4986911393592362,2,1.0586146831599659,High-activity balanced
Baranovskiy S.,30,0.46153846153846156,-0.07692307692307693,-0.5846153846153846,65,5,0.5076923076923077,2,2.28454263491567,High-activity balanced
Barsa T.,18,0.4864864864864865,-0.13513513513513514,-1.027027027027027,37,23,0.506740311463134,2,2.7163111976890244,High-activity balanced
Bazany D.,12,0.5217391304347826,0.2608695652173913,1.391304347826087,23,15,0.5171925941791009,2,1.6284908750670914,High-activity balanced
Bielokon Y.,24,0.4444444444444444,-0.2037037037037037,0.5,54,10,0.4919319870697088,2,1.0317065969923025,High-activity balanced
Bindas O.,39,0.5735294117647058,0.3382352941176471,1.9264705882352942,68,9,0.5399549749516153,2,1.9793461320212493,High-activity balanced
Bondarenko I.,17,0.4857142857142857,0.08571428571428572,1.9428571428571428,35,13,0.5165743735918013,2,1.047046725006708,High-activity balanced
Brichacek D.,19,0.3958333333333333,-0.4375,-0.9375,48,20,0.49305549700770285,2,2.1005076742393594,High-activity balanced
Brozek M.,26,0.5909090909090909,0.4090909090909091,1.7727272727272727,44,21,0.4771758514823603,2,2.433041743208077,High-activity balanced
Bruk M.,8,0.5,0.125,1.9375,16,11,0.5623265579126939,2,2.595423962277192,High-activity balanced
Burdelnyi S.,12,0.375,-0.75,-2.90625,32,18,0.5222971231735186,2,2.369341875687092,High-activity balanced
Burenok D.,17,0.53125,-0.03125,1.21875,32,8,0.5340531842818428,2,1.9078227845900078,High-activity balanced
Cechvala R.,17,0.5862068965517241,0.27586206896551724,1.1724137931034482,29,18,0.48663721360608214,2,1.9059021828933373,High-activity balanced
Chaikovskyi B.,27,0.4576271186440678,-0.23728813559322035,-0.5084745762711864,59,8,0.4755609552144995,2,1.6993756720709516,High-activity balanced
Chelpanov S.,50,0.6410256410256411,0.48717948717948717,2.230769230769231,78,14,0.4954760448245716,2,1.969842041699314,High-activity balanced
Chepurnyi A.,36,0.5217391304347826,0.014492753623188406,-1.2173913043478262,69,11,0.5178439019395927,2,1.2577779949915129,High-activity balanced
Chernyshov D.,50,0.6756756756756757,0.8513513513513513,3.2972972972972974,74,14,0.48770132184359377,2,2.348248875391516,High-activity balanced
Chuhai S.,23,0.575,0.45,2.025,40,18,0.4915183392930172,2,1.738660059701319,High-activity balanced
Cioclea I.,18,0.4186046511627907,-0.20930232558139536,-0.8604651162790697,43,13,0.5707006026398375,2,2.1496500914464325,High-activity balanced
Danyliuk N.,57,0.6063829787234043,0.3191489361702128,0.6808510638297872,94,8,0.5263298105444694,2,2.821415796566111,High-activity balanced
Diachenko M.,38,0.4810126582278481,-0.189873417721519,-0.6962025316455697,79,9,0.5294274166287263,2,2.0174891658547436,High-activity balanced
Dobrzhinsky O.,12,0.34285714285714286,-0.5714285714285714,-0.6857142857142857,35,14,0.5046950199950943,2,1.6103297715753362,High-activity balanced
Dovzhenko S.,18,0.6,0.2,0.7666666666666667,30,18,0.48860310650029387,2,1.8577386369173512,High-activity balanced
Dulich A.,18,0.4,-0.3333333333333333,-2.488888888888889,45,11,0.49332560295237776,2,1.3366725305208935,High-activity balanced
Efimenko I.,16,0.45714285714285713,-0.2571428571428571,-1.7142857142857142,35,10,0.49122060252672495,2,1.3862318018373065,High-activity balanced
Fedoryshyn I.,43,0.6231884057971014,0.5942028985507246,2.7971014492753623,69,9,0.5578416921391508,2,2.5925740016396177,High-activity balanced
Fylypiv R.,24,0.6,0.175,0.325,40,14,0.46694147157190635,2,1.398586317544748,High-activity balanced
Gomilko O.,29,0.5178571428571429,-0.07142857142857142,-0.4107142857142857,56,11,0.49063534429945294,2,0.75415520082377,High-activity balanced
Gribkov D.,18,0.5294117647058824,0.11764705882352941,1.4705882352941178,34,10,0.5019335812969689,2,1.2536341880171094,High-activity balanced
Hainiuk V.,24,0.48,-0.1,-0.08,50,7,0.5176643990929705,2,1.6699339421028143,High-activity balanced
Hala P.,14,0.5,0.0,0.35714285714285715,28,17,0.46956998843179765,2,1.818877654708751,High-activity balanced
Herink J.,15,0.6,0.2,0.92,25,11,0.5343053173241852,2,1.8390247458272206,High-activity balanced
Hlaholev M.,25,0.45454545454545453,-0.14545454545454545,-1.9636363636363636,55,11,0.518401719053893,2,1.0519379727607647,High-activity balanced
Hnoievoi R.,30,0.46875,-0.25,-1.140625,64,17,0.4860475010853038,2,1.4568770504417228,High-activity balanced
Homylko A.,30,0.4411764705882353,-0.11764705882352941,-0.19117647058823528,68,15,0.5057036662050873,2,1.135476840931962,High-activity balanced
Honchar Y.,22,0.44,-0.28,-0.3,50,7,0.49640030270481394,2,1.7196735848509532,High-activity balanced
Horak D.,22,0.6111111111111112,0.75,4.638888888888889,36,13,0.5649602727727728,2,2.7231969551320088,High-activity balanced
Horbanenko O.,33,0.5076923076923077,0.06153846153846154,-0.046153846153846156,65,5,0.49846153846153846,2,2.2565677153127255,High-activity balanced
Hovorunets O.,50,0.6329113924050633,0.6708860759493671,2.1139240506329116,79,15,0.4454035468765317,2,2.70954683588739,High-activity balanced
Hrymovskyi O.,30,0.47619047619047616,-0.031746031746031744,-0.6825396825396826,63,7,0.5692203005319556,2,2.621208307538976,High-activity balanced
Hryshchenko O.,43,0.5443037974683544,0.26582278481012656,2.1012658227848102,79,9,0.5137783139831157,2,1.9958091291645443,High-activity balanced
Huchok A.,23,0.2875,-0.825,-4.625,80,11,0.5469296277506112,2,3.1429591197900653,High-activity balanced
Husiev V.,21,0.4375,-0.3333333333333333,-2.375,48,9,0.4795322395952648,2,1.6233981620702747,High-activity balanced
Isakov V.,24,0.4067796610169492,-0.4067796610169492,-2.440677966101695,59,11,0.5131746656324041,2,1.3991885431493278,High-activity balanced
Kalev L.,45,0.6521739130434783,0.6231884057971014,2.782608695652174,69,19,0.4809519965210502,2,2.490486856882199,High-activity balanced
Kim D.,24,0.48,-0.18,-0.38,50,7,0.5176643990929705,2,1.6903014305853312,High-activity balanced
Kistechko M.,38,0.4578313253012048,-0.14457831325301204,-1.216867469879518,83,10,0.5028956095428653,2,1.9351578951145514,High-activity balanced
Klymenko K.,19,0.5428571428571428,0.37142857142857144,0.34285714285714286,35,16,0.4818699398265248,2,1.3869433555790012,High-activity balanced
Kolesnykov V.,13,0.43333333333333335,-0.4,-0.7666666666666667,30,15,0.5032299586501268,2,1.3974056302128657,High-activity balanced
Kolos Y.,23,0.5227272727272727,0.022727272727272728,-0.7727272727272727,44,11,0.505107283900133,2,0.7030069437375298,High-activity balanced
Kondratenko V.,12,0.48,-0.28,0.56,25,12,0.48808055360075064,2,1.465954532783815,High-activity balanced
Korobko V.,44,0.6376811594202898,0.7101449275362319,3.5217391304347827,69,11,0.4843300189326762,2,2.1085782002739815,High-activity balanced
Korobov A.,18,0.5142857142857142,0.02857142857142857,-0.34285714285714286,35,11,0.4788571428571428,2,1.1976204059083924,High-activity balanced
Kostiuk B.,32,0.5,0.078125,1.5,64,13,0.4907949671899746,2,0.8998443782606432,High-activity balanced
Kovalchuk K.,30,0.6,0.28,-0.02,50,7,0.4936643990929705,2,1.7937848289021456,High-activity balanced
Kovalchuk O.,30,0.42857142857142855,-0.37142857142857144,-1.7714285714285714,70,24,0.4844626067007351,2,3.2178211052080226,High-activity balanced
Kovshun Y.,17,0.5483870967741935,0.5483870967741935,2.5161290322580645,31,15,0.4989817154749517,2,1.5675776063231959,High-activity balanced
Krames J.,21,0.5384615384615384,0.5641025641025641,2.8205128205128207,39,11,0.5290458937198067,2,1.609580150938789,High-activity balanced
Kubat M.,9,0.47368421052631576,0.10526315789473684,0.631578947368421,19,11,0.5108307256855653,2,1.7237404609823168,High-activity balanced
Kulishov H.,30,0.42857142857142855,-0.2,0.2857142857142857,70,8,0.5324995014619479,2,1.97439984663307,High-activity balanced
Kurischenko Y.,24,0.48,0.02,1.04,50,10,0.4684915374681456,2,1.3390718192695459,High-activity balanced
Kurylenko O.,22,0.4074074074074074,-0.37037037037037035,-1.6851851851851851,54,18,0.5087026335254209,2,1.6502827038284076,High-activity balanced
Kushnir V.,18,0.45,-0.175,-0.15,40,8,0.47764674373457117,2,1.6775870054472433,High-activity balanced
Kuzmenko D.,15,0.4838709677419355,-0.12903225806451613,1.4838709677419355,31,14,0.4582312146145905,2,1.7281223827293222,High-activity balanced
Kuzmych V.,32,0.5925925925925926,0.35185185185185186,0.8518518518518519,54,15,0.47330781731635835,2,1.3117430618565353,High-activity balanced
Kyilo V.,33,0.4520547945205479,-0.0958904109589041,-0.5068493150684932,73,9,0.5357805787220995,2,1.8982842343753243,High-activity balanced
Lazuryk D.,41,0.5774647887323944,0.4647887323943662,3.704225352112676,71,11,0.47591319101046964,2,1.9816200768003163,High-activity balanced
Levyn S.,19,0.38,-0.42,-1.74,50,14,0.48584897231966456,2,1.3005844520517655,High-activity balanced
Lipkan D.,22,0.5,-0.09090909090909091,-1.2727272727272727,44,13,0.4720377451497837,2,1.0605867770745772,High-activity balanced
Lobas V.,24,0.6,0.35,1.975,40,14,0.48654334987150233,2,1.2498084769119802,High-activity balanced
Lukes T.,27,0.5094339622641509,0.05660377358490566,-0.37735849056603776,53,21,0.5074684315958631,2,2.0875807698777282,High-activity balanced
Lushchyk A.,30,0.6,0.42,1.7,50,19,0.502203761188885,2,1.8489358263182232,High-activity balanced
Lyevshyn V.,60,0.6382978723404256,0.5425531914893617,2.9574468085106385,94,8,0.5232855036060854,2,3.0495376321118957,High-activity balanced
Lykhytskyi O.,23,0.4339622641509434,-0.33962264150943394,-1.4339622641509433,53,10,0.46497941471660287,2,1.616887504215263,High-activity balanced
Lyman O.,23,0.5111111111111111,0.08888888888888889,0.6888888888888889,45,13,0.4542216904719239,2,1.477602291552711,High-activity balanced
Maliuk S.,12,0.42857142857142855,-0.5,-1.4285714285714286,28,15,0.4779294969505677,2,1.7566523506624707,High-activity balanced
Maltsev D.,13,0.52,0.16,-0.6,25,10,0.514382017982018,2,1.5905564968317496,High-activity balanced
Marasek D.,17,0.53125,0.03125,1.28125,32,18,0.5333045346348707,2,1.8658853792728571,High-activity balanced
Marchuk M.,26,0.40625,-0.5625,-3.25,64,15,0.5260746286703492,2,1.8251191093105852,High-activity balanced
Marko J.,11,0.5,0.045454545454545456,0.13636363636363635,22,14,0.49677650352313024,2,1.4711513817675188,High-activity balanced
Martinka S.,19,0.5428571428571428,0.5142857142857142,1.2285714285714286,35,14,0.49928240140581337,2,1.1805169829401052,High-activity balanced
Masko Y.,34,0.5230769230769231,0.03076923076923077,-0.6307692307692307,65,5,0.4953846153846154,2,2.2770123651825402,High-activity balanced
Maslovskyi A.,21,0.45652173913043476,-0.2608695652173913,-1.3478260869565217,46,9,0.5053367526193613,2,1.2814572101794817,High-activity balanced
Mazur R.,14,0.4666666666666667,-0.36666666666666664,-0.5666666666666667,30,12,0.5041111111111111,2,1.2425382530258582,High-activity balanced
Melnic F.,29,0.453125,-0.296875,-1.625,64,15,0.5211479603918863,2,1.2673527315376076,High-activity balanced
Melnik O.,18,0.5142857142857142,-0.11428571428571428,-1.0285714285714285,35,7,0.4844647450548072,2,1.8988373574496291,High-activity balanced
Miroshnychenko S.,26,0.5777777777777777,0.35555555555555557,0.6444444444444445,45,16,0.4628111192456178,2,1.6093097243935743,High-activity balanced
Mischenko S.,28,0.5714285714285714,0.40816326530612246,2.2448979591836733,49,11,0.5151009170911677,2,1.1832954914042186,High-activity balanced
Mishchenko O.,34,0.5230769230769231,0.09230769230769231,0.9692307692307692,65,14,0.4914407061374951,2,0.9172445612346136,High-activity balanced
Mishchenko V.,24,0.4897959183673469,-0.16326530612244897,0.061224489795918366,49,17,0.5181174203623183,2,1.1495949573521176,High-activity balanced
Mokryak I.,15,0.4411764705882353,-0.17647058823529413,0.4117647058823529,34,15,0.5192369200843616,2,1.1903875763910454,High-activity balanced
Moriak A.,20,0.5,0.15,1.625,40,11,0.5052261904761906,2,0.9107280660874058,High-activity balanced
Mrykh M.,23,0.5227272727272727,0.022727272727272728,-0.4090909090909091,44,12,0.512644453358739,2,0.5540795122505212,High-activity balanced
Mytsyk A.,23,0.46938775510204084,-0.16326530612244897,-2.1020408163265305,49,21,0.5181532218798849,2,2.2468434839868268,High-activity balanced
Nadporozhskyi O.,21,0.6,0.5714285714285714,1.4285714285714286,35,16,0.5162581445428479,2,1.6103916766903787,High-activity balanced
Nikolenko S.,33,0.42857142857142855,-0.16883116883116883,0.19480519480519481,77,11,0.5265819773612197,2,1.7214036875650558,High-activity balanced
Oanza M.,17,0.4857142857142857,0.2,1.3428571428571427,35,11,0.5000397245854864,2,1.0673616008589948,High-activity balanced
Okopnyi V.,29,0.46774193548387094,-0.24193548387096775,-0.8387096774193549,62,11,0.5022461735691482,2,0.9639531136198553,High-activity balanced
Onykyienko V.,21,0.35,-0.5333333333333333,-3.216666666666667,60,11,0.5427362055933485,2,2.1443899449177133,High-activity balanced
Pashkevich R.,21,0.5121951219512195,0.04878048780487805,-1.8780487804878048,41,10,0.5306386407793755,2,1.3797037510486556,High-activity balanced
Pavlyuk O.,33,0.3626373626373626,-0.6373626373626373,-2.5494505494505493,91,10,0.5485536242655973,2,3.0309701525183397,High-activity balanced
Peretiatko A.,26,0.5306122448979592,0.16326530612244897,0.08163265306122448,49,19,0.4900854562949634,2,1.6217516917073385,High-activity balanced
Pereyaslavsky D.,29,0.4461538461538462,-0.4,-2.3384615384615386,65,9,0.5005342175397488,2,1.6608010827191824,High-activity balanced
Pesternikov D.,34,0.4927536231884058,0.11594202898550725,1.7971014492753623,69,10,0.5136133242623712,2,1.3996769502957729,High-activity balanced
Pisceanschi V.,17,0.425,-0.225,-0.9,40,15,0.5263829319072192,2,1.2153481105857493,High-activity balanced
Pitsyk S.,33,0.5076923076923077,0.06153846153846154,1.2307692307692308,65,9,0.4935670191631245,2,1.3847375452374076,High-activity balanced
Pleskach V.,21,0.42857142857142855,-0.30612244897959184,-1.2040816326530612,49,18,0.4936214623149031,2,1.5317704232978395,High-activity balanced
Plyska O.,15,0.4411764705882353,-0.38235294117647056,-1.0,34,18,0.49780207783890756,2,1.7221217758132947,High-activity balanced
Polysynskyi M.,31,0.41333333333333333,-0.38666666666666666,-1.8666666666666667,75,12,0.5121809730961886,2,1.671080819413598,High-activity balanced
Ponomarenko O.,19,0.5428571428571428,0.2857142857142857,0.22857142857142856,35,16,0.4836686922955631,2,1.3200698743755992,High-activity balanced
Prilepa D.,26,0.48148148148148145,-0.16666666666666666,-0.6666666666666666,54,15,0.5394510123298777,2,1.2566316892246543,High-activity balanced
Provaznik L.,24,0.5106382978723404,0.10638297872340426,0.1276595744680851,47,19,0.5214876623594759,2,1.6561065052593527,High-activity balanced
Provaznik P.,10,0.4166666666666667,-0.20833333333333334,-0.3333333333333333,24,13,0.5054228707874541,2,1.4991477343986641,High-activity balanced
Pyrtyk B.,19,0.4222222222222222,-0.26666666666666666,0.044444444444444446,45,11,0.5231188698580003,2,1.0858941239550417,High-activity balanced
Rak S.,59,0.6344086021505376,0.6666666666666666,2.78494623655914,93,18,0.49082486799692493,2,2.981801190750204,High-activity balanced
Rehotun D.,37,0.5285714285714286,-0.05714285714285714,-1.0,70,11,0.48079130899196637,2,1.3764633259969448,High-activity balanced
Reva Y.,20,0.4444444444444444,-0.37777777777777777,-2.2666666666666666,45,10,0.5213791887125221,2,1.4135220027156665,High-activity balanced
Romanenko I.,15,0.45454545454545453,-0.09090909090909091,-0.21212121212121213,33,9,0.4800159479572729,2,1.5859479987349911,High-activity balanced
Rotaru S.,19,0.5588235294117647,0.29411764705882354,1.411764705882353,34,12,0.5263314757204388,2,1.3081856481516512,High-activity balanced
Ryndia V.,24,0.6,0.475,1.65,40,13,0.4894246031746031,2,1.241162960923339,High-activity balanced
Sabuka D.,19,0.5,-0.18421052631578946,-0.5263157894736842,38,23,0.4485985661496603,2,3.132333569080108,High-activity balanced
Sachuk S.,23,0.6571428571428571,0.6571428571428571,2.2285714285714286,35,17,0.5241621742394276,2,2.104222674520926,High-activity balanced
Samofal Y.,42,0.65625,0.46875,2.0625,64,13,0.4605382541408309,2,1.9834789321700321,High-activity balanced
Sedin V.,37,0.5285714285714286,0.02857142857142857,0.9428571428571428,70,9,0.5809987554163486,2,2.7467797846184436,High-activity balanced
Sheremeta V.,36,0.5538461538461539,0.16923076923076924,1.123076923076923,65,18,0.4781047301177665,2,1.739915864319328,High-activity balanced
Shkepu S.,17,0.3953488372093023,-0.4186046511627907,-3.395348837209302,43,14,0.5057113466117625,2,1.488053807587567,High-activity balanced
Shypilov A.,28,0.5185185185185185,0.3148148148148148,1.1296296296296295,54,8,0.46596438953501446,2,1.8193702135729215,High-activity balanced
Sklyarenko A.,26,0.52,0.04,-0.4,50,12,0.5115091845091845,2,0.42905330462158625,High-activity balanced
Skripnik S.,16,0.45714285714285713,0.0,0.2857142857142857,35,10,0.5261206390594145,2,1.349582497756058,High-activity balanced
Skrypnyk O.,34,0.5074626865671642,-0.22388059701492538,-0.8955223880597015,67,3,0.4943194475384273,2,2.8283066354303856,High-activity balanced
Slozka M.,21,0.4772727272727273,0.022727272727272728,1.5227272727272727,44,10,0.49413919413919416,2,1.0192280937741975,High-activity balanced
Sochor A.,18,0.5,-0.2777777777777778,-1.3333333333333333,36,12,0.5560185185185185,2,1.8465336748013266,High-activity balanced
Sokolov S.,47,0.6714285714285714,0.6714285714285714,2.2,70,16,0.4789328212070044,2,2.1738505883482766,High-activity balanced
Sokoltsov Y.,36,0.6,0.45,1.6666666666666667,60,9,0.47464514959974885,2,1.7780142895947793,High-activity balanced
Solomko R.,29,0.4915254237288136,0.05084745762711865,0.3050847457627119,59,10,0.49217732975464584,2,0.9852899557564665,High-activity balanced
Solomko S.,18,0.5806451612903226,0.3225806451612903,1.6129032258064515,31,17,0.5092792196565356,2,1.6545426613628054,High-activity balanced
Sprongl J.,13,0.41935483870967744,-0.45161290322580644,-2.5483870967741935,31,15,0.43997015875698586,2,2.4605418299788506,High-activity balanced
Stehlik E.,10,0.5,-0.3,-1.15,20,15,0.4694513457556936,2,1.986163585808978,High-activity balanced
Stehlik M.,16,0.47058823529411764,-0.14705882352941177,-1.3823529411764706,34,20,0.5098807594106135,2,2.0733480945784155,High-activity balanced
Stepanchuk Y.,24,0.5333333333333333,0.28888888888888886,1.9111111111111112,45,16,0.49373192239858904,2,1.1089050537616076,High-activity balanced
Strutynskyi O.,13,0.38235294117647056,-0.23529411764705882,0.17647058823529413,34,13,0.5460463875952858,2,1.7552954096584885,High-activity balanced
Stukalov V.,20,0.5882352941176471,0.4411764705882353,1.9705882352941178,34,16,0.47307180535433807,2,1.7568516470018758,High-activity balanced
Sydorak N.,31,0.45588235294117646,-0.36764705882352944,-1.8823529411764706,68,13,0.506286947068463,2,1.2586374723993554,High-activity balanced
Syksa A.,26,0.49056603773584906,-0.09433962264150944,-0.03773584905660377,53,20,0.4722167580645599,2,2.0368224156086714,High-activity balanced
Tebenko Y.,44,0.5176470588235295,0.0,0.09411764705882353,85,16,0.47782708893597375,2,2.069223850452875,High-activity balanced
Titov A.,20,0.6060606060606061,0.42424242424242425,1.6363636363636365,33,13,0.5037617972314146,2,1.356498733270014,High-activity balanced
Tkachenko K.,15,0.5,-0.03333333333333333,0.6,30,12,0.48323015873015873,2,1.2296091133373275,High-activity balanced
Tkachov S.,35,0.5147058823529411,0.08823529411764706,1.25,68,12,0.5499632769985006,2,1.7196910956706382,High-activity balanced
Torba R.,53,0.6794871794871795,0.8205128205128205,4.551282051282051,78,11,0.47663477789665876,2,2.741934984338309,High-activity balanced
Tsolik P.,25,0.4807692307692308,-0.09615384615384616,-0.11538461538461539,52,9,0.5099950486524941,2,1.1184379651691847,High-activity balanced
Tupyk M.,27,0.43548387096774194,-0.25806451612903225,-0.9516129032258065,62,18,0.5490673286890337,2,2.0764078933096437,High-activity balanced
Tveritinov R.,25,0.4807692307692308,-0.11538461538461539,-1.0769230769230769,52,13,0.56178497328627,2,1.7856103400062704,High-activity balanced
Valenda D.,18,0.375,-0.5,-2.7291666666666665,48,16,0.508067909644739,2,1.6213024925150326,High-activity balanced
Vasylets A.,33,0.55,0.5,2.8666666666666667,60,19,0.43873086957568136,2,2.7434825128712244,High-activity balanced
Verbianyi V.,31,0.5344827586206896,0.08620689655172414,0.0,58,10,0.5337348155375102,2,1.3019553442300609,High-activity balanced
Vlasenko V.,21,0.44680851063829785,-0.3404255319148936,-1.8297872340425532,47,13,0.5251235690271812,2,1.0904239168712007,High-activity balanced
Volkov P.,30,0.379746835443038,-0.46835443037974683,-2.4050632911392404,79,14,0.5065980419927887,2,1.9886524003151664,High-activity balanced
Volynets O.,18,0.5294117647058824,0.20588235294117646,0.6764705882352942,34,17,0.5254938640343508,2,1.5219905494703712,High-activity balanced
Yakimenko S.,10,0.5263157894736842,-0.10526315789473684,-0.6842105263157895,19,13,0.472896727760405,2,1.852533809014692,High-activity balanced
Yurchenko K.,59,0.6704545454545454,0.6363636363636364,2.215909090909091,88,17,0.4851563167932866,2,2.748649230104853,High-activity balanced
Yurkov A.,15,0.5,0.06666666666666667,0.6666666666666666,30,13,0.4969561945990517,2,1.0639963436218782,High-activity balanced
Zaitsev O.,21,0.4666666666666667,-0.06666666666666667,-0.8444444444444444,45,18,0.5155768971468437,2,1.4188376397621991,High-activity balanced
Zaporozhets R.,23,0.41818181818181815,-0.3090909090909091,-1.5818181818181818,55,19,0.48549372382336536,2,1.8747174855854223,High-activity balanced
Zhyrnov O.,14,0.4666666666666667,-0.16666666666666666,-0.36666666666666664,30,11,0.4799514533085961,2,1.4032050720620213,High-activity balanced
Ziakun O.,26,0.43333333333333335,-0.5166666666666667,-2.933333333333333,60,17,0.48990094262537615,2,1.7542705767099103,High-activity balanced
Zop S.,11,0.44,-0.16,-1.2,25,13,0.4702644416515384,2,1.725021813959919,High-activity balanced
